{
  "comments": [
    {
      "canvasID": "",
      "elementID": "",
      "canvasURL": "",
      "author": "gashem10@hotmail.com",
      "authorID" : 44032245,
      "code": 1,
      "parentCode": null,
      "content": "شكلنا بنكسنل ذي الشاشة لانها تخبص اختبار ال UX وسالفة الايرور مسج شوي متعبة واذا بنطبقها بنطبقها حق اشياء كثير",
      "timestamp": "1575130602180",
      "date": "30 November 2019 19:16",
      "fileName": "",
      "isRead": true
    }
  ]
}